{"initial_reset_timestamp": 1626949200.1701868, "timestamps": [1626949201.1093922], "episode_lengths": [14], "episode_rewards": [14.0], "episode_types": ["t"]}